Model,Accuracy,F1 Score,ROC-AUC
Decision Tree,0.78,0.78,0.7955228365384615
Logistic Regression,0.825,0.8044692737430168,0.8793569711538461
Random Forest,0.8,0.7916666666666666,0.8742988782051282
XGBoost,0.8,0.7979274611398963,0.9048978365384616
K-Nearest Neighbor,0.8,0.8042328042328042,0.9218249198717949
